record,snr_before,snr_after,snr_improvement
100,15.789017223872982,19.090979115652672,3.3019618917796905
101,16.237475206447584,18.24089250016463,2.003417293717046
102,12.775625628941649,16.24507922463802,3.46945359569637
