avg_snr_before,avg_snr_after,avg_improvement,std_improvement
14.934039353087405,17.85898361348511,2.924944260397702,0.8024477119787723
